591fcf40-0df6-4f01-9975-3daebd21ed94	{"id":"591fcf40-0df6-4f01-9975-3daebd21ed94","instanceId":"7540d75b-bd39-4019-a029-81b1c19a24ca","permanentLocationId":"d9600b3e-64a4-413c-9a71-711e25f372c5","callNumber":"BR140 .J86"}	d9600b3e-64a4-413c-9a71-711e25f372c5
eaf53fc8-192a-4b5f-80d4-e0d69f946697	{"id":"eaf53fc8-192a-4b5f-80d4-e0d69f946697","instanceId":"7540d75b-bd39-4019-a029-81b1c19a24ca","permanentLocationId":"d9600b3e-64a4-413c-9a71-711e25f372c5","callNumber":"BR140 .J86"}	d9600b3e-64a4-413c-9a71-711e25f372c5
36caa1fd-65c4-4c09-8756-4a46c6196555	{"id":"36caa1fd-65c4-4c09-8756-4a46c6196555","instanceId":"4c5b502a-1c00-495b-81e1-f68670ee6b64","permanentLocationId":"0c7d3b33-60ba-4763-81c0-a97ed2bd2a1b","callNumber":"M3 .M93 1955 +"}	0c7d3b33-60ba-4763-81c0-a97ed2bd2a1b
5c3991cd-05bb-4bb4-8877-f7819aee7fa7	{"id":"5c3991cd-05bb-4bb4-8877-f7819aee7fa7","instanceId":"4c5b502a-1c00-495b-81e1-f68670ee6b64","permanentLocationId":"e38858db-a04d-4ef7-9dca-698172dcef76","callNumber":"M3 .M93 1955 +"}	e38858db-a04d-4ef7-9dca-698172dcef76
912fa850-fe8c-49b7-a36f-f192c401d5d3	{"id":"912fa850-fe8c-49b7-a36f-f192c401d5d3","instanceId":"4c5b502a-1c00-495b-81e1-f68670ee6b64","permanentLocationId":"9cb5473b-aaa3-4981-81f4-04bc56660dfe","callNumber":"M3 .M93 1955 +"}	9cb5473b-aaa3-4981-81f4-04bc56660dfe
6243fae6-ad8b-4e72-aef8-12dd0902bb6e	{"id":"6243fae6-ad8b-4e72-aef8-12dd0902bb6e","instanceId":"4c5b502a-1c00-495b-81e1-f68670ee6b64","permanentLocationId":"0c7d3b33-60ba-4763-81c0-a97ed2bd2a1b","callNumber":"M3 .M93 1955 +"}	0c7d3b33-60ba-4763-81c0-a97ed2bd2a1b
cc75f2bf-9c29-48a7-81a0-032477b3fa7d	{"id":"cc75f2bf-9c29-48a7-81a0-032477b3fa7d","instanceId":"4c5b502a-1c00-495b-81e1-f68670ee6b64","permanentLocationId":"0c7d3b33-60ba-4763-81c0-a97ed2bd2a1b","callNumber":"++ M3 .M93 1955 Special Collections"}	0c7d3b33-60ba-4763-81c0-a97ed2bd2a1b
0c146888-73b9-4a98-bdc3-e36efe8059b1	{"id":"0c146888-73b9-4a98-bdc3-e36efe8059b1","instanceId":"4c5b502a-1c00-495b-81e1-f68670ee6b64","permanentLocationId":"97bf08b2-a064-4845-a3a7-d08c2de01e6e","callNumber":"Rare Books M3 .M93 1955 ++"}	97bf08b2-a064-4845-a3a7-d08c2de01e6e
ed9ce2c4-7fd1-44db-9eb8-975af0facb1e	{"id":"ed9ce2c4-7fd1-44db-9eb8-975af0facb1e","instanceId":"4c5b502a-1c00-495b-81e1-f68670ee6b64","permanentLocationId":"0c7d3b33-60ba-4763-81c0-a97ed2bd2a1b","callNumber":"++ M3 .M93 1955 Special Collections"}	0c7d3b33-60ba-4763-81c0-a97ed2bd2a1b
1260377f-4858-49bc-9eb2-04d071d3f929	{"id":"1260377f-4858-49bc-9eb2-04d071d3f929","instanceId":"c1f49141-d21d-45e9-a618-4aba09e8ff2c","permanentLocationId":"b96776b9-6ac2-4b46-8036-febaf75d66fd","callNumber":"Film 5597"}	b96776b9-6ac2-4b46-8036-febaf75d66fd
ff7bcbce-bc11-43a2-9505-b6178550b82c	{"id":"ff7bcbce-bc11-43a2-9505-b6178550b82c","instanceId":"c1f49141-d21d-45e9-a618-4aba09e8ff2c","permanentLocationId":"b96776b9-6ac2-4b46-8036-febaf75d66fd","callNumber":"Film 5597 Guide"}	b96776b9-6ac2-4b46-8036-febaf75d66fd
189ddec0-7073-45b9-b8c7-ca460a2ab3df	{"id":"189ddec0-7073-45b9-b8c7-ca460a2ab3df","instanceId":"c1f49141-d21d-45e9-a618-4aba09e8ff2c","permanentLocationId":"3b3b73db-2bcf-442e-8288-a577284d8b96","callNumber":"Z2012 .E34 +"}	3b3b73db-2bcf-442e-8288-a577284d8b96
306073f6-e24e-4dae-9040-bcb77573da4a	{"id":"306073f6-e24e-4dae-9040-bcb77573da4a","instanceId":"c1f49141-d21d-45e9-a618-4aba09e8ff2c","permanentLocationId":"9e8ab901-5caa-4b53-ac4f-d8a3a2308b71","callNumber":"Oversize Z1016 .E38 +"}	9e8ab901-5caa-4b53-ac4f-d8a3a2308b71
df3bfc2e-3208-4bf2-80d2-d1ad32db2fc0	{"id":"df3bfc2e-3208-4bf2-80d2-d1ad32db2fc0","instanceId":"c1f49141-d21d-45e9-a618-4aba09e8ff2c","permanentLocationId":"b96776b9-6ac2-4b46-8036-febaf75d66fd","callNumber":"Film 5597"}	b96776b9-6ac2-4b46-8036-febaf75d66fd
3fb1f2d1-0636-4cf8-b2bb-784a66ef0bae	{"id":"3fb1f2d1-0636-4cf8-b2bb-784a66ef0bae","instanceId":"c1f49141-d21d-45e9-a618-4aba09e8ff2c","permanentLocationId":"b96776b9-6ac2-4b46-8036-febaf75d66fd","callNumber":"Film 5597"}	b96776b9-6ac2-4b46-8036-febaf75d66fd
aad9e23e-6dea-4044-8264-45ec4e772979	{"id":"aad9e23e-6dea-4044-8264-45ec4e772979","instanceId":"c1f49141-d21d-45e9-a618-4aba09e8ff2c","permanentLocationId":"b96776b9-6ac2-4b46-8036-febaf75d66fd","callNumber":"Film 5597"}	b96776b9-6ac2-4b46-8036-febaf75d66fd
fcdb70bc-0276-4eeb-b637-062c835c0457	{"id":"fcdb70bc-0276-4eeb-b637-062c835c0457","instanceId":"c1f49141-d21d-45e9-a618-4aba09e8ff2c","permanentLocationId":"b96776b9-6ac2-4b46-8036-febaf75d66fd","callNumber":"Film 5597"}	b96776b9-6ac2-4b46-8036-febaf75d66fd
ffc1e49d-f9e5-4ba7-b222-f132fa0c547f	{"id":"ffc1e49d-f9e5-4ba7-b222-f132fa0c547f","instanceId":"c1f49141-d21d-45e9-a618-4aba09e8ff2c","permanentLocationId":"b96776b9-6ac2-4b46-8036-febaf75d66fd","callNumber":"Film 5597"}	b96776b9-6ac2-4b46-8036-febaf75d66fd
b98a2468-7657-46b8-b2f3-e0df7aa9d36b	{"id":"b98a2468-7657-46b8-b2f3-e0df7aa9d36b","instanceId":"1499ddc7-74f0-4e76-824a-5449e2d159f6","permanentLocationId":"1155aed2-531b-4944-82d1-6a87e53844e5","callNumber":"KF6285 .M57"}	1155aed2-531b-4944-82d1-6a87e53844e5
e6e0f2ac-809b-4b0c-9d6a-2e14e288eb8c	{"id":"e6e0f2ac-809b-4b0c-9d6a-2e14e288eb8c","instanceId":"1499ddc7-74f0-4e76-824a-5449e2d159f6","permanentLocationId":"1155aed2-531b-4944-82d1-6a87e53844e5","callNumber":"KF6285 .M57"}	1155aed2-531b-4944-82d1-6a87e53844e5
04da58c3-a6e8-44c0-bcbd-5ac7bf1f97cc	{"id":"04da58c3-a6e8-44c0-bcbd-5ac7bf1f97cc","instanceId":"410e047e-996e-4921-b3c2-ec547da7e14e","permanentLocationId":"1155aed2-531b-4944-82d1-6a87e53844e5","callNumber":"Reading Room KFP30 1930 .A41"}	1155aed2-531b-4944-82d1-6a87e53844e5
fac9db3f-457e-433b-89bc-19eb0b4c6d61	{"id":"fac9db3f-457e-433b-89bc-19eb0b4c6d61","instanceId":"410e047e-996e-4921-b3c2-ec547da7e14e","permanentLocationId":"1155aed2-531b-4944-82d1-6a87e53844e5","callNumber":"Bennett Coll. KFP30 1930 .A41"}	1155aed2-531b-4944-82d1-6a87e53844e5
48b78f87-0f4b-41bf-b8a7-aba9e66cf4dd	{"id":"48b78f87-0f4b-41bf-b8a7-aba9e66cf4dd","instanceId":"ad26bbeb-e4ec-4d44-9b33-cd8da096db5e","permanentLocationId":"1bd29695-1b20-4518-ac0a-91730225c3bc","callNumber":"Film N10336 Reel 10"}	1bd29695-1b20-4518-ac0a-91730225c3bc
6654c898-353f-46bd-8d41-5db5d75e7e1c	{"id":"6654c898-353f-46bd-8d41-5db5d75e7e1c","instanceId":"ad26bbeb-e4ec-4d44-9b33-cd8da096db5e","permanentLocationId":"1bd29695-1b20-4518-ac0a-91730225c3bc","callNumber":"Film 10336 Reel 10"}	1bd29695-1b20-4518-ac0a-91730225c3bc
5c7931a5-825d-4149-94d4-94dbe4a9b914	{"id":"5c7931a5-825d-4149-94d4-94dbe4a9b914","instanceId":"ad26bbeb-e4ec-4d44-9b33-cd8da096db5e","permanentLocationId":"6b25b6f5-cb70-454d-99e0-42c9b1d57830","callNumber":"Vault 49 Sec.36 Drawer 8"}	6b25b6f5-cb70-454d-99e0-42c9b1d57830
01235f4f-7d9e-4631-aa48-e50ec4ec5703	{"id":"01235f4f-7d9e-4631-aa48-e50ec4ec5703","instanceId":"6d6377d8-0a13-4dca-910b-42bdf2f61807","permanentLocationId":"0c7d3b33-60ba-4763-81c0-a97ed2bd2a1b","callNumber":"M1613.3.C95 A6 Folio"}	0c7d3b33-60ba-4763-81c0-a97ed2bd2a1b
5ab52e40-2176-4317-b484-d58e7e9ecbbc	{"id":"5ab52e40-2176-4317-b484-d58e7e9ecbbc","instanceId":"6d6377d8-0a13-4dca-910b-42bdf2f61807","permanentLocationId":"9cb5473b-aaa3-4981-81f4-04bc56660dfe","callNumber":"M1613.3.C95 A6 Folio"}	9cb5473b-aaa3-4981-81f4-04bc56660dfe
5f8fd939-89dd-43c0-92b2-5d8d8896cf92	{"id":"5f8fd939-89dd-43c0-92b2-5d8d8896cf92","instanceId":"3a92e964-564c-4a32-8fb7-50645b19caf0","permanentLocationId":"3b3b73db-2bcf-442e-8288-a577284d8b96","callNumber":"12-1-1776"}	3b3b73db-2bcf-442e-8288-a577284d8b96
bc2190a0-9dfd-40c9-86e0-9c6902379f41	{"id":"bc2190a0-9dfd-40c9-86e0-9c6902379f41","instanceId":"3a92e964-564c-4a32-8fb7-50645b19caf0","permanentLocationId":"97bf08b2-a064-4845-a3a7-d08c2de01e6e","callNumber":"Archives 12-1-1776"}	97bf08b2-a064-4845-a3a7-d08c2de01e6e
a416744d-99e9-4cba-9588-12561286c27f	{"id":"a416744d-99e9-4cba-9588-12561286c27f","instanceId":"e27de3c1-17d1-4874-ac27-19f9cea8317a","permanentLocationId":"3b3b73db-2bcf-442e-8288-a577284d8b96","callNumber":"4354"}	3b3b73db-2bcf-442e-8288-a577284d8b96
c4be2748-b97b-4b1d-b153-61678719641c	{"id":"c4be2748-b97b-4b1d-b153-61678719641c","instanceId":"a5a628d1-e255-4fdb-856c-1d3316a7ab7a","permanentLocationId":"97bf08b2-a064-4845-a3a7-d08c2de01e6e","callNumber":"Archives 2903"}	97bf08b2-a064-4845-a3a7-d08c2de01e6e
2dac22ac-c123-4676-b7db-4d3787f4eb2d	{"id":"2dac22ac-c123-4676-b7db-4d3787f4eb2d","instanceId":"a5a628d1-e255-4fdb-856c-1d3316a7ab7a","permanentLocationId":"3b3b73db-2bcf-442e-8288-a577284d8b96","callNumber":"2903"}	3b3b73db-2bcf-442e-8288-a577284d8b96
eaf4456a-1c74-4102-b749-0b32d86f9115	{"id":"eaf4456a-1c74-4102-b749-0b32d86f9115","instanceId":"e6a099a9-e752-46e0-bc25-5ba63f2a4ca6","permanentLocationId":"c8bd49ec-2d67-4629-9eb6-ecf696dc7812","callNumber":"Rec 1824 I5 W5"}	c8bd49ec-2d67-4629-9eb6-ecf696dc7812
77c1eb46-978f-4339-8771-95fff186c806	{"id":"77c1eb46-978f-4339-8771-95fff186c806","instanceId":"412dd3f4-5b89-4b78-8788-47d36de47878","permanentLocationId":"1bd29695-1b20-4518-ac0a-91730225c3bc","callNumber":"KQE   .R23"}	1bd29695-1b20-4518-ac0a-91730225c3bc
4d572bbf-492f-4540-be7b-8dd23b423ae0	{"id":"4d572bbf-492f-4540-be7b-8dd23b423ae0","instanceId":"31690bab-6c6e-400f-a3c6-0b2eaff1306b","permanentLocationId":"1bd29695-1b20-4518-ac0a-91730225c3bc","callNumber":"Oversize N7326 .T12 1991 ++"}	1bd29695-1b20-4518-ac0a-91730225c3bc
c9a83026-ae13-4a7d-a05a-1fb7ecba19ee	{"id":"c9a83026-ae13-4a7d-a05a-1fb7ecba19ee","instanceId":"31690bab-6c6e-400f-a3c6-0b2eaff1306b","permanentLocationId":"1bd29695-1b20-4518-ac0a-91730225c3bc","callNumber":"N7326 .T12 1991"}	1bd29695-1b20-4518-ac0a-91730225c3bc
c46c60aa-91e8-4a6d-9585-4de748d72afa	{"id":"c46c60aa-91e8-4a6d-9585-4de748d72afa","instanceId":"31690bab-6c6e-400f-a3c6-0b2eaff1306b","permanentLocationId":"1bd29695-1b20-4518-ac0a-91730225c3bc","callNumber":"N7326 .T12 1991 Video"}	1bd29695-1b20-4518-ac0a-91730225c3bc
87d81d09-7764-459c-bbff-a5d89dc080ff	{"id":"87d81d09-7764-459c-bbff-a5d89dc080ff","instanceId":"e33920a1-57bc-4c90-990a-53a268aefc7d","permanentLocationId":"b96776b9-6ac2-4b46-8036-febaf75d66fd","callNumber":"Film 1297 reel 1560, no. 68"}	b96776b9-6ac2-4b46-8036-febaf75d66fd
2f7734cd-2d22-41a4-a794-1533e96ad4d2	{"id":"2f7734cd-2d22-41a4-a794-1533e96ad4d2","instanceId":"39b335dc-c893-4e2f-af7c-6617727559d5","permanentLocationId":"1155aed2-531b-4944-82d1-6a87e53844e5","callNumber":"KZ1190 .G56 1997"}	1155aed2-531b-4944-82d1-6a87e53844e5
94acd7e9-274a-4823-abc8-5af9e3176037	{"id":"94acd7e9-274a-4823-abc8-5af9e3176037","instanceId":"5897c332-7fde-413e-8c07-52e73f8900eb","permanentLocationId":"1bd29695-1b20-4518-ac0a-91730225c3bc","callNumber":"LG181.B155 L37 1990"}	1bd29695-1b20-4518-ac0a-91730225c3bc
7f2cd81c-f861-4a56-bc3e-a97cd816fa36	{"id":"7f2cd81c-f861-4a56-bc3e-a97cd816fa36","instanceId":"8ab406ae-a890-4455-a6cf-c64b8625661c","permanentLocationId":"d9600b3e-64a4-413c-9a71-711e25f372c5","callNumber":"PS3554.I3 D6x 1996"}	d9600b3e-64a4-413c-9a71-711e25f372c5
d65cf709-aac0-4d6b-aa60-c0c7607991b7	{"id":"d65cf709-aac0-4d6b-aa60-c0c7607991b7","instanceId":"8ab406ae-a890-4455-a6cf-c64b8625661c","permanentLocationId":"cef44190-f7e9-4ad6-99a1-a169b5a3b978","callNumber":"PS3554.I3 D6x 1996"}	cef44190-f7e9-4ad6-99a1-a169b5a3b978
b9453fdc-711c-4083-8432-0aca9d9e0958	{"id":"b9453fdc-711c-4083-8432-0aca9d9e0958","instanceId":"8ab406ae-a890-4455-a6cf-c64b8625661c","permanentLocationId":"d9600b3e-64a4-413c-9a71-711e25f372c5","callNumber":"PS3554.I3 D6 1996"}	d9600b3e-64a4-413c-9a71-711e25f372c5
71cc97ef-89c0-4615-b706-bf45b7f74b88	{"id":"71cc97ef-89c0-4615-b706-bf45b7f74b88","instanceId":"8ab406ae-a890-4455-a6cf-c64b8625661c","permanentLocationId":"97bf08b2-a064-4845-a3a7-d08c2de01e6e","callNumber":"Rare Books PS3554.I3 D6 1996"}	97bf08b2-a064-4845-a3a7-d08c2de01e6e
826ca079-4c40-4249-a601-8170e198b89f	{"id":"826ca079-4c40-4249-a601-8170e198b89f","instanceId":"8ab406ae-a890-4455-a6cf-c64b8625661c","permanentLocationId":"d9600b3e-64a4-413c-9a71-711e25f372c5","callNumber":"PS3554.I3 D6 1996"}	d9600b3e-64a4-413c-9a71-711e25f372c5
7d3424ee-004c-4df1-8577-ed69c8cbf89e	{"id":"7d3424ee-004c-4df1-8577-ed69c8cbf89e","instanceId":"8ab406ae-a890-4455-a6cf-c64b8625661c","permanentLocationId":"d9600b3e-64a4-413c-9a71-711e25f372c5","callNumber":"PS3554.I3 D6 1996"}	d9600b3e-64a4-413c-9a71-711e25f372c5
bcbe6d2a-6625-485f-825a-6b63087ce6e1	{"id":"bcbe6d2a-6625-485f-825a-6b63087ce6e1","instanceId":"8ab406ae-a890-4455-a6cf-c64b8625661c","permanentLocationId":"d9600b3e-64a4-413c-9a71-711e25f372c5","callNumber":"PS3554.I3 D6 1996"}	d9600b3e-64a4-413c-9a71-711e25f372c5
95069e63-ae83-48d5-8579-290caadfd7c0	{"id":"95069e63-ae83-48d5-8579-290caadfd7c0","instanceId":"8ab406ae-a890-4455-a6cf-c64b8625661c","permanentLocationId":"d9600b3e-64a4-413c-9a71-711e25f372c5","callNumber":"PS3554.I3 D6 1996"}	d9600b3e-64a4-413c-9a71-711e25f372c5
231bfa53-afd6-4a69-8f75-fb920f8b1bd7	{"id":"231bfa53-afd6-4a69-8f75-fb920f8b1bd7","instanceId":"8ab406ae-a890-4455-a6cf-c64b8625661c","permanentLocationId":"d9600b3e-64a4-413c-9a71-711e25f372c5","callNumber":"PS3554.I3 D6 1996"}	d9600b3e-64a4-413c-9a71-711e25f372c5
8f778fc2-7bf0-48f2-a819-a223aff2b827	{"id":"8f778fc2-7bf0-48f2-a819-a223aff2b827","instanceId":"8ab406ae-a890-4455-a6cf-c64b8625661c","permanentLocationId":"d9600b3e-64a4-413c-9a71-711e25f372c5","callNumber":"PS3554.I3 D6 1996"}	d9600b3e-64a4-413c-9a71-711e25f372c5
26c2a9d6-44ce-4093-a80d-81e80bfe7e50	{"id":"26c2a9d6-44ce-4093-a80d-81e80bfe7e50","instanceId":"8ab406ae-a890-4455-a6cf-c64b8625661c","permanentLocationId":"3c5ff5d6-47bc-4432-bbf4-f1ea8ad989c4","callNumber":"PS3554.I3 D6 1996"}	3c5ff5d6-47bc-4432-bbf4-f1ea8ad989c4
47360ae1-396e-4a42-a2e2-aaa7ab1cf662	{"id":"47360ae1-396e-4a42-a2e2-aaa7ab1cf662","instanceId":"8ab406ae-a890-4455-a6cf-c64b8625661c","permanentLocationId":"d9600b3e-64a4-413c-9a71-711e25f372c5","callNumber":"PS3554.I3 D6 1996"}	d9600b3e-64a4-413c-9a71-711e25f372c5
1daec3b3-1bca-4a13-8aa2-6e557ebe04d3	{"id":"1daec3b3-1bca-4a13-8aa2-6e557ebe04d3","instanceId":"8ab406ae-a890-4455-a6cf-c64b8625661c","permanentLocationId":"27bb13c3-ffef-4754-9d13-ef05ab9a88c3","callNumber":"PS3554.I3 D6 1996"}	27bb13c3-ffef-4754-9d13-ef05ab9a88c3
27be97da-1698-4b89-9247-8d09017ffa3f	{"id":"27be97da-1698-4b89-9247-8d09017ffa3f","instanceId":"8ab406ae-a890-4455-a6cf-c64b8625661c","permanentLocationId":"27bb13c3-ffef-4754-9d13-ef05ab9a88c3","callNumber":"PS3554.I3 D6 1996"}	27bb13c3-ffef-4754-9d13-ef05ab9a88c3
62851efa-0be9-4dc5-a132-33365a17caed	{"id":"62851efa-0be9-4dc5-a132-33365a17caed","instanceId":"8ab406ae-a890-4455-a6cf-c64b8625661c","permanentLocationId":"27bb13c3-ffef-4754-9d13-ef05ab9a88c3","callNumber":"PS3554.I3 D6 1996"}	27bb13c3-ffef-4754-9d13-ef05ab9a88c3
8b8125bc-2b1e-42af-9379-826fadf66502	{"id":"8b8125bc-2b1e-42af-9379-826fadf66502","instanceId":"8ab406ae-a890-4455-a6cf-c64b8625661c","permanentLocationId":"27bb13c3-ffef-4754-9d13-ef05ab9a88c3","callNumber":"PS3554.I3 D6 1996"}	27bb13c3-ffef-4754-9d13-ef05ab9a88c3
bb43fc20-f6b9-4ce5-995f-5297dabe8d33	{"id":"bb43fc20-f6b9-4ce5-995f-5297dabe8d33","instanceId":"8ab406ae-a890-4455-a6cf-c64b8625661c","permanentLocationId":"cbf3e606-0e12-438c-bc2c-f37f81e1cc11","callNumber":"PS3554.I3 D6 1996"}	cbf3e606-0e12-438c-bc2c-f37f81e1cc11
0a8b88b6-29c9-4aff-b426-361362b29178	{"id":"0a8b88b6-29c9-4aff-b426-361362b29178","instanceId":"8ab406ae-a890-4455-a6cf-c64b8625661c","permanentLocationId":"cbf3e606-0e12-438c-bc2c-f37f81e1cc11","callNumber":"PS3554.I3 D6 1996"}	cbf3e606-0e12-438c-bc2c-f37f81e1cc11
fda8e19a-9156-4adf-8372-03ac4003fe09	{"id":"fda8e19a-9156-4adf-8372-03ac4003fe09","instanceId":"8ab406ae-a890-4455-a6cf-c64b8625661c","permanentLocationId":"27bb13c3-ffef-4754-9d13-ef05ab9a88c3","callNumber":"PS3554.I3 D6 1996"}	27bb13c3-ffef-4754-9d13-ef05ab9a88c3
8ed6405a-f6a8-41ed-aff1-1dfada4ecfdc	{"id":"8ed6405a-f6a8-41ed-aff1-1dfada4ecfdc","instanceId":"8ab406ae-a890-4455-a6cf-c64b8625661c","permanentLocationId":"1c23b51c-0c00-42d2-a0fc-16e4aaef361f","callNumber":"PS3554.I3 D6 1996"}	1c23b51c-0c00-42d2-a0fc-16e4aaef361f
4605dd09-097c-4cb2-bb0b-23477cdb1af2	{"id":"4605dd09-097c-4cb2-bb0b-23477cdb1af2","instanceId":"0fe63835-825b-4dd5-a252-d863387ee3ae","permanentLocationId":"bbd7fa9b-dd55-460d-93f7-c0f14a42c2b4","callNumber":"HV5292 .F56 1988eb"}	bbd7fa9b-dd55-460d-93f7-c0f14a42c2b4
55321150-3a53-4311-8f39-065f1aa42c28	{"id":"55321150-3a53-4311-8f39-065f1aa42c28","instanceId":"f62c2ff6-f1ef-4fd9-ada1-81e198c2b251","permanentLocationId":"bbd7fa9b-dd55-460d-93f7-c0f14a42c2b4","callNumber":"No call number"}	bbd7fa9b-dd55-460d-93f7-c0f14a42c2b4
78dee318-0f5b-4460-b828-408586ab0325	{"id":"78dee318-0f5b-4460-b828-408586ab0325","instanceId":"cbdce0b6-e85e-4115-bed3-d9d8d99d1228","permanentLocationId":"3b3b73db-2bcf-442e-8288-a577284d8b96","callNumber":"arW10005"}	3b3b73db-2bcf-442e-8288-a577284d8b96
e65e5cd4-5b28-45be-b370-dddc56708711	{"id":"e65e5cd4-5b28-45be-b370-dddc56708711","instanceId":"d49850c4-9415-4aca-b196-858c8f414d40","permanentLocationId":"97bf08b2-a064-4845-a3a7-d08c2de01e6e","callNumber":"Wordsworth BX5195.G76 S141 1930"}	97bf08b2-a064-4845-a3a7-d08c2de01e6e
9b9a764c-a2d7-4938-b7bd-ad7d2c38285b	{"id":"9b9a764c-a2d7-4938-b7bd-ad7d2c38285b","instanceId":"4fe43df0-388c-47e5-9e89-80addd90cfc9","permanentLocationId":"bbd7fa9b-dd55-460d-93f7-c0f14a42c2b4","callNumber":"ONLINE N346.N72 I84"}	bbd7fa9b-dd55-460d-93f7-c0f14a42c2b4
e947e7da-3bb9-42ec-8983-dffd18eca728	{"id":"e947e7da-3bb9-42ec-8983-dffd18eca728","instanceId":"be24b9d5-efed-4bbe-afe6-2b0ad0170794","permanentLocationId":"3b3b73db-2bcf-442e-8288-a577284d8b96","callNumber":"Harris 7350 E66"}	3b3b73db-2bcf-442e-8288-a577284d8b96
f77866fe-0532-47c3-a1af-ce4f83c09dc9	{"id":"f77866fe-0532-47c3-a1af-ce4f83c09dc9","instanceId":"e5af1334-d88a-4870-ac5e-8299ab0764b0","permanentLocationId":"1bd29695-1b20-4518-ac0a-91730225c3bc","callNumber":"e5af1334-d88a-4870-ac5e-8299ab0764b0"}	1bd29695-1b20-4518-ac0a-91730225c3bc
5ac018a0-7926-4b10-bacd-c82294663bbe	{"id":"5ac018a0-7926-4b10-bacd-c82294663bbe","instanceId":"0f4722d4-d607-41ea-be33-0c4feb6df675","permanentLocationId":"1155aed2-531b-4944-82d1-6a87e53844e5","callNumber":"KD310 .H15 2008"}	1155aed2-531b-4944-82d1-6a87e53844e5
562edb3f-03d5-44ea-a3d8-88dd81ae5a98	{"id":"562edb3f-03d5-44ea-a3d8-88dd81ae5a98","instanceId":"0fe64209-5bc3-400a-a0a9-2de331ccc400","permanentLocationId":"bbd7fa9b-dd55-460d-93f7-c0f14a42c2b4","callNumber":"No call number"}	bbd7fa9b-dd55-460d-93f7-c0f14a42c2b4
808116e3-85bc-4aea-b7f0-5d87e803966f	{"id":"808116e3-85bc-4aea-b7f0-5d87e803966f","instanceId":"94aec66b-8a75-428a-9dc4-3bfa089a88e4","permanentLocationId":"c8bd49ec-2d67-4629-9eb6-ecf696dc7812","callNumber":"CD 18604 box"}	c8bd49ec-2d67-4629-9eb6-ecf696dc7812
ffe81b39-452b-4e46-80cb-a2b9b798b82d	{"id":"ffe81b39-452b-4e46-80cb-a2b9b798b82d","instanceId":"acfab4a1-cd7e-44cf-832f-c68ca7260ae5","permanentLocationId":"97bf08b2-a064-4845-a3a7-d08c2de01e6e","callNumber":"Archives 6906"}	97bf08b2-a064-4845-a3a7-d08c2de01e6e
0d86c80b-8b94-4bb2-be2b-1b77b4c336cf	{"id":"0d86c80b-8b94-4bb2-be2b-1b77b4c336cf","instanceId":"f14355d2-8e3a-4c71-a3b0-0a6d31f73eea","permanentLocationId":"c8bd49ec-2d67-4629-9eb6-ecf696dc7812","callNumber":"DVD 866"}	c8bd49ec-2d67-4629-9eb6-ecf696dc7812
4fb7ecd8-9a23-454a-a6f1-6e201d2dd60b	{"id":"4fb7ecd8-9a23-454a-a6f1-6e201d2dd60b","instanceId":"f041e91f-956a-447f-8398-55769773a4dd","permanentLocationId":"c8bd49ec-2d67-4629-9eb6-ecf696dc7812","callNumber":"CD 18960"}	c8bd49ec-2d67-4629-9eb6-ecf696dc7812
7ea9396c-af3a-48b4-b36f-47a1aff9e8ee	{"id":"7ea9396c-af3a-48b4-b36f-47a1aff9e8ee","instanceId":"fe5e824d-d5d3-4112-a110-555c6f36c5c4","permanentLocationId":"c8bd49ec-2d67-4629-9eb6-ecf696dc7812","callNumber":"Electronic Sound Device 1"}	c8bd49ec-2d67-4629-9eb6-ecf696dc7812
ab47cde2-8d0d-4f06-ac2a-4b400a54d4c3	{"id":"ab47cde2-8d0d-4f06-ac2a-4b400a54d4c3","instanceId":"f10eb09b-c782-44be-a195-256b8d449775","permanentLocationId":"bc50d643-477f-4d70-ab2b-6b603a7b2ba9","callNumber":"CT3990.H78 G37 2010"}	bc50d643-477f-4d70-ab2b-6b603a7b2ba9
7ab1df0a-a33b-4f78-aa6d-4729285b22ab	{"id":"7ab1df0a-a33b-4f78-aa6d-4729285b22ab","instanceId":"8bf8ac66-65b8-4994-9b15-540c4686abd1","permanentLocationId":"bbd7fa9b-dd55-460d-93f7-c0f14a42c2b4","callNumber":"No call number"}	bbd7fa9b-dd55-460d-93f7-c0f14a42c2b4
0bc12d65-bbc3-40f8-ae1f-4f3c48ea879c	{"id":"0bc12d65-bbc3-40f8-ae1f-4f3c48ea879c","instanceId":"e065bf49-5bc4-4a8b-9224-d5bd19b5b5d3","permanentLocationId":"c8bd49ec-2d67-4629-9eb6-ecf696dc7812","callNumber":"Electronic Sound Device 2"}	c8bd49ec-2d67-4629-9eb6-ecf696dc7812
f4a0c8a9-b1e6-450e-80e7-bfa658a66704	{"id":"f4a0c8a9-b1e6-450e-80e7-bfa658a66704","instanceId":"424f462a-0ad2-4be3-84aa-d777b3b46864","permanentLocationId":"1bd29695-1b20-4518-ac0a-91730225c3bc","callNumber":"HQ792.P5 M33 2010"}	1bd29695-1b20-4518-ac0a-91730225c3bc
62418f6e-5c6f-46a3-8b91-84c602215f41	{"id":"62418f6e-5c6f-46a3-8b91-84c602215f41","instanceId":"9c5f5ed3-0638-4b4b-aef5-83ee3f0a3c50","permanentLocationId":"c8bd49ec-2d67-4629-9eb6-ecf696dc7812","callNumber":"CD 22107"}	c8bd49ec-2d67-4629-9eb6-ecf696dc7812
ae090c89-7901-411a-bf37-7b91b6619500	{"id":"ae090c89-7901-411a-bf37-7b91b6619500","instanceId":"cfb21479-d076-453a-b379-6290eebe3cf4","permanentLocationId":"1155aed2-531b-4944-82d1-6a87e53844e5","callNumber":"On order"}	1155aed2-531b-4944-82d1-6a87e53844e5
928b445d-a83a-402e-8186-777b90362027	{"id":"928b445d-a83a-402e-8186-777b90362027","instanceId":"9753177c-e201-43bc-b445-12871d732d12","permanentLocationId":"bbd7fa9b-dd55-460d-93f7-c0f14a42c2b4","callNumber":"ONLINE DA530 .A73"}	bbd7fa9b-dd55-460d-93f7-c0f14a42c2b4
55a9f87b-a951-4a82-ba71-468f93a900c4	{"id":"55a9f87b-a951-4a82-ba71-468f93a900c4","instanceId":"91eb54ae-776f-469e-91d7-ca4dcb6f1261","permanentLocationId":"bbd7fa9b-dd55-460d-93f7-c0f14a42c2b4","callNumber":"No call number"}	bbd7fa9b-dd55-460d-93f7-c0f14a42c2b4
15590584-5891-4630-8c44-3f2ce928345f	{"id":"15590584-5891-4630-8c44-3f2ce928345f","instanceId":"b43e8e4c-a746-43c2-bcc8-ca10b54c508c","permanentLocationId":"bbd7fa9b-dd55-460d-93f7-c0f14a42c2b4","callNumber":"No call number"}	bbd7fa9b-dd55-460d-93f7-c0f14a42c2b4
dc2fcdcd-1634-4f5e-8c2a-5d84166421ea	{"id":"dc2fcdcd-1634-4f5e-8c2a-5d84166421ea","instanceId":"2e4dfbbc-f772-459f-813d-2ab40d639f0f","permanentLocationId":"e38858db-a04d-4ef7-9dca-698172dcef76","callNumber":"M3 .B88 2015 +"}	e38858db-a04d-4ef7-9dca-698172dcef76
324036b3-8e3f-472a-ac9c-5165fab63f36	{"id":"324036b3-8e3f-472a-ac9c-5165fab63f36","instanceId":"2e4dfbbc-f772-459f-813d-2ab40d639f0f","permanentLocationId":"0c7d3b33-60ba-4763-81c0-a97ed2bd2a1b","callNumber":"In Process"}	0c7d3b33-60ba-4763-81c0-a97ed2bd2a1b
64807373-cf29-48c6-bf2d-d73f1e9356d8	{"id":"64807373-cf29-48c6-bf2d-d73f1e9356d8","instanceId":"c087bac2-0dac-445e-89f3-994c02760409","permanentLocationId":"1bd29695-1b20-4518-ac0a-91730225c3bc","callNumber":"HQ242.55.A5 P42 2014"}	1bd29695-1b20-4518-ac0a-91730225c3bc
43e37e9e-a50a-4cb6-b87b-992744807d4a	{"id":"43e37e9e-a50a-4cb6-b87b-992744807d4a","instanceId":"48211b54-d7f6-4a85-a1b2-0321c5df5665","permanentLocationId":"1bd29695-1b20-4518-ac0a-91730225c3bc","callNumber":"PN4781 .N594 2015"}	1bd29695-1b20-4518-ac0a-91730225c3bc
efd576e3-8f3d-4906-814e-78659e2ddf2b	{"id":"efd576e3-8f3d-4906-814e-78659e2ddf2b","instanceId":"8a686340-d6bd-44b0-b5ef-179e429c5793","permanentLocationId":"f3f9bcce-9591-42ac-b5b8-7c27e830bfac","callNumber":"LP 10596 box"}	f3f9bcce-9591-42ac-b5b8-7c27e830bfac
1e02a947-cd29-43e7-8e96-f922ee9b013b	{"id":"1e02a947-cd29-43e7-8e96-f922ee9b013b","instanceId":"db543e3a-29e9-480a-b638-f241d813ca8d","permanentLocationId":"82522ea6-94f7-4ead-a801-6f097eac8fc5","callNumber":"G3803.T6E63 2016 I8"}	82522ea6-94f7-4ead-a801-6f097eac8fc5
6e47cd1d-6d2c-4b76-a16f-e902f4b0fa56	{"id":"6e47cd1d-6d2c-4b76-a16f-e902f4b0fa56","instanceId":"52610fd6-3ac0-490e-841e-f4fdd426b745","permanentLocationId":"bbd7fa9b-dd55-460d-93f7-c0f14a42c2b4","callNumber":"No call number"}	bbd7fa9b-dd55-460d-93f7-c0f14a42c2b4
4124be5e-2394-448e-a3f6-842b463cba4e	{"id":"4124be5e-2394-448e-a3f6-842b463cba4e","instanceId":"7cfd960e-8c81-406c-b5f0-56df20cd5399","permanentLocationId":"bc50d643-477f-4d70-ab2b-6b603a7b2ba9","callNumber":"DS782 .M36 2016 v.5"}	bc50d643-477f-4d70-ab2b-6b603a7b2ba9
eb97ef3c-3f29-460d-96d7-7aa45c193c33	{"id":"eb97ef3c-3f29-460d-96d7-7aa45c193c33","instanceId":"835c68de-fcc1-4a70-bd60-de8f2cb68ace","permanentLocationId":"8074d87a-fb92-4c72-b4dc-2192be327708","callNumber":"835c68de-fcc1-4a70-bd60-de8f2cb68ace"}	8074d87a-fb92-4c72-b4dc-2192be327708
d6b3d221-4192-44d3-8388-10b40af3b1bb	{"id":"d6b3d221-4192-44d3-8388-10b40af3b1bb","instanceId":"14996a3e-3c7e-4fcd-9be4-f9dd53407b6d","permanentLocationId":"c8bd49ec-2d67-4629-9eb6-ecf696dc7812","callNumber":"LP 10727"}	c8bd49ec-2d67-4629-9eb6-ecf696dc7812
a0f93b5d-16fc-49da-98a5-6e5e3c96cfcd	{"id":"a0f93b5d-16fc-49da-98a5-6e5e3c96cfcd","instanceId":"14996a3e-3c7e-4fcd-9be4-f9dd53407b6d","permanentLocationId":"97bf08b2-a064-4845-a3a7-d08c2de01e6e","callNumber":"in process"}	97bf08b2-a064-4845-a3a7-d08c2de01e6e
dbf7dfc4-0453-4f60-b920-3d526b1cd83c	{"id":"dbf7dfc4-0453-4f60-b920-3d526b1cd83c","instanceId":"f8000360-f068-43e0-83e1-d6081c0f1e76","permanentLocationId":"1c23b51c-0c00-42d2-a0fc-16e4aaef361f","callNumber":"HF5661 .W55 2014"}	1c23b51c-0c00-42d2-a0fc-16e4aaef361f
2d814ab0-2a68-460c-9e32-4d50c2def99a	{"id":"2d814ab0-2a68-460c-9e32-4d50c2def99a","instanceId":"3e6924f6-e937-4ebc-a613-e02351e3baee","permanentLocationId":"d9600b3e-64a4-413c-9a71-711e25f372c5","callNumber":"DK508.465 .K725 2016"}	d9600b3e-64a4-413c-9a71-711e25f372c5
49f094e4-9029-4c38-a98e-d22a8d312183	{"id":"49f094e4-9029-4c38-a98e-d22a8d312183","instanceId":"fb43ff4c-e36d-49cf-a0fc-341a0c2c4d90","permanentLocationId":"dfbdd4c5-a359-48ce-8864-ce9f4f2e6917","callNumber":"Oversize QK604 .M56 1989 ++"}	dfbdd4c5-a359-48ce-8864-ce9f4f2e6917
25f959db-2044-4217-9e9d-7c1447ba09ca	{"id":"25f959db-2044-4217-9e9d-7c1447ba09ca","instanceId":"ed17817e-ee0a-4fd2-9e29-562312861637","permanentLocationId":"0c7d3b33-60ba-4763-81c0-a97ed2bd2a1b","callNumber":"M1613.3.A306 H3 2017 +"}	0c7d3b33-60ba-4763-81c0-a97ed2bd2a1b
6e5e22ba-cf7d-454e-ad36-6715aeba8bf7	{"id":"6e5e22ba-cf7d-454e-ad36-6715aeba8bf7","instanceId":"098c64d9-1bc8-4ec0-9465-65e2c7a0eddd","permanentLocationId":"0c7d3b33-60ba-4763-81c0-a97ed2bd2a1b","callNumber":"M127.R767 C6 2017 Folio"}	0c7d3b33-60ba-4763-81c0-a97ed2bd2a1b
e4ed176d-02e6-4399-ad3c-d7e78664445e	{"id":"e4ed176d-02e6-4399-ad3c-d7e78664445e","instanceId":"936c50bb-12c0-4f32-b12f-69ee51fd14f2","permanentLocationId":"0c7d3b33-60ba-4763-81c0-a97ed2bd2a1b","callNumber":"M1363.A306 A66 2017 +"}	0c7d3b33-60ba-4763-81c0-a97ed2bd2a1b
2d8e10b5-c0d3-4634-b272-05284e2289ae	{"id":"2d8e10b5-c0d3-4634-b272-05284e2289ae","instanceId":"bc3aef2d-e858-433b-9593-990e58fc32c8","permanentLocationId":"d9600b3e-64a4-413c-9a71-711e25f372c5","callNumber":"BM42 .H37 2016"}	d9600b3e-64a4-413c-9a71-711e25f372c5
d8df5128-4aa5-4be3-9efb-22800b3d369b	{"id":"d8df5128-4aa5-4be3-9efb-22800b3d369b","instanceId":"efc675f6-e10c-4b77-af8c-fb8fa64958a2","permanentLocationId":"faa9ed99-1d88-47be-8fd2-a845efe8864c","callNumber":"N7433.3 .B87 2014"}	faa9ed99-1d88-47be-8fd2-a845efe8864c
876f7110-307c-479d-9089-aad12607831c	{"id":"876f7110-307c-479d-9089-aad12607831c","instanceId":"d0721904-79b8-4c54-90e4-b4944a9526c5","permanentLocationId":"bbd7fa9b-dd55-460d-93f7-c0f14a42c2b4","callNumber":"ONLINE No call number"}	bbd7fa9b-dd55-460d-93f7-c0f14a42c2b4
cf3dd81e-ae27-44fe-afc8-acb8451722a9	{"id":"cf3dd81e-ae27-44fe-afc8-acb8451722a9","instanceId":"50c9ecc3-48fb-429e-9880-a5b62a44a7a8","permanentLocationId":"bbd7fa9b-dd55-460d-93f7-c0f14a42c2b4","callNumber":"No call number"}	bbd7fa9b-dd55-460d-93f7-c0f14a42c2b4
e946f39f-cf5c-497f-87b0-4302302de8ec	{"id":"e946f39f-cf5c-497f-87b0-4302302de8ec","instanceId":"a3902d0c-13af-4ee5-aca5-e1b67dfb8fd8","permanentLocationId":"d9600b3e-64a4-413c-9a71-711e25f372c5","callNumber":"DP192 .R53 2017"}	d9600b3e-64a4-413c-9a71-711e25f372c5
1450e32c-176b-417e-b341-f98e67a02d44	{"id":"1450e32c-176b-417e-b341-f98e67a02d44","instanceId":"738aab6c-c79a-468f-a0bd-a3374db0d0d7","permanentLocationId":"71678712-a56f-4ef6-8d9f-8a9a7deee561","callNumber":"BL1215.N34 B43 2016"}	71678712-a56f-4ef6-8d9f-8a9a7deee561
360e74cc-b689-4753-83ec-5262b043daec	{"id":"360e74cc-b689-4753-83ec-5262b043daec","instanceId":"8c2f84e3-3390-4f8c-844d-e5b19c0da7be","permanentLocationId":"c8bd49ec-2d67-4629-9eb6-ecf696dc7812","callNumber":"8c2f84e3-3390-4f8c-844d-e5b19c0da7be"}	c8bd49ec-2d67-4629-9eb6-ecf696dc7812
